{"UUID":"STlu5AQLTAXqXfhEP1lKem","layoutMainAxisSizing":null,"layoutCrossAxisSizing":null,"name":"T Score Cricket App","isVisible":true,"boundaryRectangle":null,"style":null,"prototypeNodeUUID":null,"child":null,"constraints":null,"debug":false,"pngPath":"/usr/src/app/temp-out/pb-tmp-af96ba63-c499-4dcd-97ed-049d8baa3b76/tsports/lib/assets/images","designSystem":{"UUID":"","layoutMainAxisSizing":null,"layoutCrossAxisSizing":null,"name":"material3","isVisible":false,"boundaryRectangle":null,"pbdlType":null,"style":null,"prototypeNodeUUID":"","child":null,"constraints":null,"textStyles":["bodyLarge","bodyMedium","bodySmall","displayLarge","displayMedium","displaySmall","headlineLarge","headlineMedium","headlineSmall","labelLarge","labelMedium","labelSmall","titleLarge","titleMedium","titleSmall"],"colorSchemes":[{"UUID":"","layoutMainAxisSizing":null,"layoutCrossAxisSizing":null,"name":"light","isVisible":false,"boundaryRectangle":null,"pbdlType":null,"style":null,"prototypeNodeUUID":"","child":null,"constraints":null,"supportedAttributes":["primary","onPrimary","primaryContainer","onPrimaryContainer","secondary","onSecondary","secondaryContainer","onSecondaryContainer","tertiary","onTertiary","tertiaryContainer","onTertiaryContainer","error","onError","errorContainer","onErrorContainer","background","onBackground","surface","onSurface","surfaceVariant","onSurfaceVariant","outline","shadow","inverseSurface","onInverseSurface","inversePrimary","surfaceTint"]},{"UUID":"","layoutMainAxisSizing":null,"layoutCrossAxisSizing":null,"name":"dark","isVisible":false,"boundaryRectangle":null,"pbdlType":null,"style":null,"prototypeNodeUUID":"","child":null,"constraints":null,"supportedAttributes":["primary","onPrimary","primaryContainer","onPrimaryContainer","secondary","onSecondary","secondaryContainer","onSecondaryContainer","tertiary","onTertiary","tertiaryContainer","onTertiaryContainer","error","onError","errorContainer","onErrorContainer","background","onBackground","surface","onSurface","surfaceVariant","onSurfaceVariant","outline","shadow","inverseSurface","onInverseSurface","inversePrimary","surfaceTint"]}]},"pages":[{"UUID":"0:1","layoutMainAxisSizing":null,"layoutCrossAxisSizing":null,"name":"old app","isVisible":true,"boundaryRectangle":null,"style":null,"prototypeNodeUUID":null,"child":null,"constraints":null,"convert":true,"screens":[],"pbdlType":"page"},{"UUID":"138:495","layoutMainAxisSizing":null,"layoutCrossAxisSizing":null,"name":"Component","isVisible":true,"boundaryRectangle":null,"style":null,"prototypeNodeUUID":null,"child":null,"constraints":null,"convert":true,"screens":[],"pbdlType":"page"},{"UUID":"142:239","layoutMainAxisSizing":null,"layoutCrossAxisSizing":null,"name":"Trash","isVisible":true,"boundaryRectangle":null,"style":null,"prototypeNodeUUID":null,"child":null,"constraints":null,"convert":true,"screens":[],"pbdlType":"page"},{"UUID":"142:313","layoutMainAxisSizing":null,"layoutCrossAxisSizing":null,"name":"app","isVisible":true,"boundaryRectangle":null,"style":null,"prototypeNodeUUID":null,"child":null,"constraints":null,"convert":true,"screens":[],"pbdlType":"page"}],"miscPages":[],"sharedStyles":[],"globalStyles":{"UUID":"","layoutMainAxisSizing":null,"layoutCrossAxisSizing":null,"name":"","isVisible":false,"boundaryRectangle":null,"style":null,"prototypeNodeUUID":null,"child":null,"constraints":null,"pbdlType":"global_styles","designSystem":"material3","colors":[{"UUID":"138:490","layoutMainAxisSizing":null,"layoutCrossAxisSizing":null,"name":"FFFFFF","isVisible":false,"boundaryRectangle":null,"style":null,"prototypeNodeUUID":null,"child":null,"constraints":null,"description":"","pbdlType":"global_color","color":{"a":1.0,"r":1.0,"g":1.0,"b":1.0}},{"UUID":"138:493","layoutMainAxisSizing":null,"layoutCrossAxisSizing":null,"name":"232323","isVisible":false,"boundaryRectangle":null,"style":null,"prototypeNodeUUID":null,"child":null,"constraints":null,"description":"","pbdlType":"global_color","color":{"a":1.0,"r":0.13725490868091583,"g":0.13725490868091583,"b":0.13725490868091583}},{"UUID":"138:513","layoutMainAxisSizing":null,"layoutCrossAxisSizing":null,"name":"255BE8","isVisible":false,"boundaryRectangle":null,"style":null,"prototypeNodeUUID":null,"child":null,"constraints":null,"description":"","pbdlType":"global_color","color":{"a":1.0,"r":0.0235294122248888,"g":0.1568627506494522,"b":0.9333333373069763}},{"UUID":"142:134","layoutMainAxisSizing":null,"layoutCrossAxisSizing":null,"name":"1E1E1E","isVisible":false,"boundaryRectangle":null,"style":null,"prototypeNodeUUID":null,"child":null,"constraints":null,"description":"","pbdlType":"global_color","color":{"a":1.0,"r":0.09019608050584793,"g":0.09019608050584793,"b":0.13725490868091583}},{"UUID":"142:279","layoutMainAxisSizing":null,"layoutCrossAxisSizing":null,"name":"006B4F","isVisible":false,"boundaryRectangle":null,"style":null,"prototypeNodeUUID":null,"child":null,"constraints":null,"description":"","pbdlType":"global_color","color":{"a":1.0,"r":0.0,"g":0.41960784792900085,"b":0.30980393290519714}},{"UUID":"142:280","layoutMainAxisSizing":null,"layoutCrossAxisSizing":null,"name":"EE2E43","isVisible":false,"boundaryRectangle":null,"style":null,"prototypeNodeUUID":null,"child":null,"constraints":null,"description":"","pbdlType":"global_color","color":{"a":1.0,"r":0.9333333373069763,"g":0.18039216101169586,"b":0.26274511218070984}},{"UUID":"1:3","layoutMainAxisSizing":null,"layoutCrossAxisSizing":null,"name":"Dark / Labels / 1.Primary","isVisible":false,"boundaryRectangle":null,"style":null,"prototypeNodeUUID":null,"child":null,"constraints":null,"description":"","pbdlType":"global_color","color":{"a":1.0,"r":1.0,"g":1.0,"b":1.0}},{"UUID":"140:38","layoutMainAxisSizing":null,"layoutCrossAxisSizing":null,"name":"Gray/900","isVisible":false,"boundaryRectangle":null,"style":null,"prototypeNodeUUID":null,"child":null,"constraints":null,"description":"","pbdlType":"global_color","color":{"a":1.0,"r":0.09931034594774246,"g":0.1117241382598877,"b":0.11999999731779099}}],"textStyles":[{"UUID":"140:18","layoutMainAxisSizing":null,"layoutCrossAxisSizing":null,"name":"16/medium","isVisible":false,"boundaryRectangle":null,"style":null,"prototypeNodeUUID":null,"child":null,"constraints":null,"description":"","pbdlType":"global_text_style","textStyle":{"UUID":"","layoutMainAxisSizing":null,"layoutCrossAxisSizing":null,"name":"","isVisible":false,"boundaryRectangle":null,"style":null,"prototypeNodeUUID":"","child":null,"constraints":null,"fontFamily":"Montserrat","fontPostScriptName":"MontserratRoman-SemiBold","paragraphSpacing":0,"paragraphIndent":0,"listSpacing":0,"italics":null,"fontWeight":600,"fontSize":16.0,"textCase":"ORIGINAL","textDecoration":"NONE","textAutoResize":"WIDTH_AND_HEIGHT","textAlignHorizontal":"LEFT","textAlignVertical":"TOP","letterSpacing":-0.3199999928474426,"fills":null,"hyperLink":null,"opentypeFlags":{},"lineHeightPx":24.0,"lineHeightPercent":123.05168151855469,"lineHeightPercentFontSize":150.0,"lineHeightUnit":"PIXELS","pbdlType":"text_style"}},{"UUID":"140:22","layoutMainAxisSizing":null,"layoutCrossAxisSizing":null,"name":"10/regular","isVisible":false,"boundaryRectangle":null,"style":null,"prototypeNodeUUID":null,"child":null,"constraints":null,"description":"","pbdlType":"global_text_style","textStyle":{"UUID":"","layoutMainAxisSizing":null,"layoutCrossAxisSizing":null,"name":"","isVisible":false,"boundaryRectangle":null,"style":null,"prototypeNodeUUID":"","child":null,"constraints":null,"fontFamily":"Montserrat","fontPostScriptName":null,"paragraphSpacing":0,"paragraphIndent":0,"listSpacing":0,"italics":null,"fontWeight":400,"fontSize":10.0,"textCase":"ORIGINAL","textDecoration":"NONE","textAutoResize":"WIDTH_AND_HEIGHT","textAlignHorizontal":"LEFT","textAlignVertical":"TOP","letterSpacing":0.0,"fills":null,"hyperLink":null,"opentypeFlags":{},"lineHeightPx":18.0,"lineHeightPercent":147.66201782226562,"lineHeightPercentFontSize":180.0,"lineHeightUnit":"PIXELS","pbdlType":"text_style"}},{"UUID":"140:25","layoutMainAxisSizing":null,"layoutCrossAxisSizing":null,"name":"14/semibold","isVisible":false,"boundaryRectangle":null,"style":null,"prototypeNodeUUID":null,"child":null,"constraints":null,"description":"","pbdlType":"global_text_style","textStyle":{"UUID":"","layoutMainAxisSizing":null,"layoutCrossAxisSizing":null,"name":"","isVisible":false,"boundaryRectangle":null,"style":null,"prototypeNodeUUID":"","child":null,"constraints":null,"fontFamily":"Montserrat","fontPostScriptName":"MontserratRoman-SemiBold","paragraphSpacing":0,"paragraphIndent":0,"listSpacing":0,"italics":null,"fontWeight":600,"fontSize":14.0,"textCase":"ORIGINAL","textDecoration":"NONE","textAutoResize":"WIDTH_AND_HEIGHT","textAlignHorizontal":"LEFT","textAlignVertical":"TOP","letterSpacing":0.0,"fills":null,"hyperLink":null,"opentypeFlags":{},"lineHeightPx":22.0,"lineHeightPercent":128.91128540039062,"lineHeightPercentFontSize":157.14285278320312,"lineHeightUnit":"PIXELS","pbdlType":"text_style"}},{"UUID":"142:286","layoutMainAxisSizing":null,"layoutCrossAxisSizing":null,"name":"12/medium","isVisible":false,"boundaryRectangle":null,"style":null,"prototypeNodeUUID":null,"child":null,"constraints":null,"description":"","pbdlType":"global_text_style","textStyle":{"UUID":"","layoutMainAxisSizing":null,"layoutCrossAxisSizing":null,"name":"","isVisible":false,"boundaryRectangle":null,"style":null,"prototypeNodeUUID":"","child":null,"constraints":null,"fontFamily":"Montserrat","fontPostScriptName":null,"paragraphSpacing":0,"paragraphIndent":0,"listSpacing":0,"italics":null,"fontWeight":500,"fontSize":12.0,"textCase":"ORIGINAL","textDecoration":"NONE","textAutoResize":"WIDTH_AND_HEIGHT","textAlignHorizontal":"LEFT","textAlignVertical":"TOP","letterSpacing":0.0,"fills":null,"hyperLink":null,"opentypeFlags":{},"lineHeightPx":22.0,"lineHeightPercent":150.39649963378906,"lineHeightPercentFontSize":183.3333282470703,"lineHeightUnit":"PIXELS","pbdlType":"text_style"}},{"UUID":"142:288","layoutMainAxisSizing":null,"layoutCrossAxisSizing":null,"name":"20/medium","isVisible":false,"boundaryRectangle":null,"style":null,"prototypeNodeUUID":null,"child":null,"constraints":null,"description":"","pbdlType":"global_text_style","textStyle":{"UUID":"","layoutMainAxisSizing":null,"layoutCrossAxisSizing":null,"name":"","isVisible":false,"boundaryRectangle":null,"style":null,"prototypeNodeUUID":"","child":null,"constraints":null,"fontFamily":"Montserrat","fontPostScriptName":"MontserratRoman-SemiBold","paragraphSpacing":0,"paragraphIndent":0,"listSpacing":0,"italics":null,"fontWeight":600,"fontSize":20.0,"textCase":"ORIGINAL","textDecoration":"NONE","textAutoResize":"WIDTH_AND_HEIGHT","textAlignHorizontal":"LEFT","textAlignVertical":"TOP","letterSpacing":-0.3199999928474426,"fills":null,"hyperLink":null,"opentypeFlags":{},"lineHeightPx":28.0,"lineHeightPercent":114.8482437133789,"lineHeightPercentFontSize":140.0,"lineHeightUnit":"PIXELS","pbdlType":"text_style"}}],"themeColors":[],"themeTextStyles":[]},"pbdlType":"project","azure_container_uri":"https://pbnestcore.blob.core.windows.net/stlu5aqltaxqxfhep1lkem"}